"","X.1","X","name","address","type","city","state","zip","Zip.Plus","Contact.First.Name","Contact.Last.Name","contact","Phone","Business.Description","Primary.NAICS","NAICS2","NAICS3","NAICS4","NAICS5","Business.Type","County","Employee","Annual.Sales","URL","Year.Established","address_new","url","latitude","longitude"
"1",1,1,"Adventure Camp For Christ Inc","220 Woodberry Cir","Religoeus","Raeford","NC",28376,9178,"Mark","Gaver","Owner",9100001111,"Camps",721214,NA,NA,NA,NA,"Private","Hoke",2,306000,"acfc1.org",2016,"220 Woodberry Cir Raeford NC 28376","www.acfc1.org",35.030912315271,-79.111300454637
"2",2,2,"Adventure Treks","1826 Pinnacle Mountain Rd","Other","Zirconia","NC",28790,3707,"John","Dockendorf","President",8286980399,"Camps",721214,561510,611699,NA,NA,"Private","Henderson",10,2816000,"adventuretreks.com",1999,"1826 Pinnacle Mountain Rd Zirconia NC 28790","www.adventuretreks.com",35.241954118786,-82.444027907137
"3",3,3,"Adventure Treks","707 Brooklyn Ave # A","Other","Hendersonville","NC",28792,6467,"John","Dockengorf","Exec Director",8286980399,"Camps",721214,NA,NA,NA,NA,"Private","Henderson",41,11546000,"adventuretreks.com",1993,"707 Brooklyn Ave # A Hendersonville NC 28792","www.adventuretreks.com",35.300159943143,-82.441086767716
"4",4,4,"Ambassador Camp","702 Lakeshore Dr","Religoeus","Lake Waccamaw","NC",28450,NA,"Nathan","Kyles","Office Manager",9106463909,"Camps",721214,813319,NA,NA,NA,"Private","Columbus",35,2748000,"ambassadorcamp.org",1957,"702 Lakeshore Dr Lake Waccamaw NC 28450","www.ambassadorcamp.org",34.313999193664,-78.512285122898
"5",5,5,"Anchorage Christian Camp","412 Lakeshore Dr","Religoeus","Lake Waccamaw","NC",28450,NA,"David","Ulrich","Exec Director",9106464111,"Camps",721214,519290,713940,611110,813311,"Private","Columbus",5,393000,"theanchoragecamp.org",1984,"412 Lakeshore Dr Lake Waccamaw NC 28450","www.theanchoragecamp.org",34.315690831236,-78.518103199353
"6",6,6,"Asheville Sun Soo Martial Arts","800 Fairview Rd # D2","Sport","Asheville","NC",28803,1173,"Tony","Morris","Owner",8285054309,"Camps",721214,611620,611620,813410,NA,"Private","Buncombe",26,9528000,"martialartsasheville.com",2009,"800 Fairview Rd # D2 Asheville NC 28803","www.martialartsasheville.com",35.565259099634,-82.510215597983
"7",7,7,"Ashton Farm Summer Day Camp","5645 US Highway 117 S","Other","Burgaw","NC",28425,3031,"Sally","Martin","Owner",9102592412,"Camps",721214,NA,NA,NA,NA,"Private","Pender",4,324000,"ashtonfarmcamp.com",1986,"5645 US Highway 117 S Burgaw NC 28425","www.ashtonfarmcamp.com",34.475476010076,-77.887791448387
"8",8,10,"Blessed Solutions","1205 Murchison Rd","Other","Fayetteville","NC",28301,4251,"Rose","Townsend","Manager",9104232220,"Camps",721214,813319,NA,NA,NA,"Private","Cumberland",3,459000,"blessed-solutions.org",2008,"1205 Murchison Rd Fayetteville NC 28301","www.blessed-solutions.org",35.071577683355,-78.894663939426
"9",9,11,"Blue Star Camps","179 Blue Star Way","Other","Hendersonville","NC",28739,7518,"Roger","Popkin","President",8286923591,"Camps",721214,459110,624110,NA,NA,"Private","Henderson",350,98557000,"bluestarcamps.com",1948,"179 Blue Star Way Hendersonville NC 28739","www.bluestarcamps.com",35.245956244837,-82.536876712036
"10",10,12,"Bold Earth","1899 Berea Church Rd","Other","Hendersonville","NC",28739,2429,"Josh","Goldbach","Owner",3035260806,"Camps",721214,721214,NA,NA,NA,"Private","Henderson",50,14080000,"blog.boldearth.com",2018,"1899 Berea Church Rd Hendersonville NC 28739","www.blog.boldearth.com",35.254831625488,-82.503205121565
"11",11,13,"Broadreach Inc","1111 Haynes St # 107","Sport","Raleigh","NC",27604,1454,"Carlton","Goldthwaite","Owner",9198331907,"Camps",721214,813319,813410,NA,NA,"Private","Wake",99,12478000,"gobroadreach.com",1993,"1111 Haynes St # 107 Raleigh NC 27604","www.gobroadreach.com",35.794448874847,-78.637375871707
"12",12,14,"Buffalo Cove Outdoor Edu Ctr","1899 Cool Springs Pl","Other","Lenoir","NC",28645,9514,"Nathan","Roark","Exec Director",8287587077,"Camps",721214,NA,NA,NA,NA,"Private","Caldwell",11,993000,"buffalocove.com",2000,"1899 Cool Springs Pl Lenoir NC 28645","www.buffalocove.com",36.094118977709,-81.513986297729
"13",13,15,"Cale Camp & Conference Ctr","377 Camp Cale Rd","Religoeus","Hertford","NC",27944,8079,"Matt","Thomas","Director",2522643414,"Camps",721214,519290,NA,NA,NA,"Private","Perquimans",5,437000,"campcale.com",1961,"377 Camp Cale Rd Hertford NC 27944","www.campcale.com",36.148674581172,-76.369016691669
"14",14,16,"Camp Andrew Inc","225 Woodville Rd","Religoeus","Mt Airy","NC",27030,7436,"Roy E","Nunn","Manager",3360001111,"Camps",721214,NA,NA,NA,NA,"Private","Surry",5,312000,"campandrew.org",2017,"225 Woodville Rd Mt Airy NC 27030","www.campandrew.org",36.503801596595,-80.477094786197
"15",15,17,"Camp Broadstone","1431 Broadstone Rd","Other","Banner Elk","NC",28604,6655,"Judith","Bevan","Exec Director",8289634640,"Camps",721214,NA,NA,NA,NA,"Private","Watauga",3,282000,NA,1997,"1431 Broadstone Rd Banner Elk NC 28604","",36.194567271508,-81.760125161305
"16",16,18,"Camp Carolina","1 Lambs Creek Rd","Boys","Brevard","NC",28712,8518,"Alfred","Thompson","Director",8288842414,"Camps",721214,423110,713940,623990,NA,"Private","Transylvania",120,19295000,"campcarolina.com",1924,"1 Lambs Creek Rd Brevard NC 28712","www.campcarolina.com",35.263788249972,-82.715563382838
"17",17,19,"Camp Caroline","3398 Janiero Rd","Religoeus","Arapahoe","NC",28510,9528,NA,NA,NA,2522490848,"Camps",721214,713940,NA,NA,NA,"Private","Pamlico",7,556000,"campcaroline.org",1995,"3398 Janiero Rd Arapahoe NC 28510","www.campcaroline.org",34.994336641995,-76.748528955796
"18",18,20,"Camp Cedar Cliff","5 Porters Cove Rd","Other","Asheville","NC",28805,2834,"Trey","Miles","Manager",8284503331,"Camps",721214,813319,NA,NA,NA,"Private","Buncombe",6,2199000,"campcedarcliff.org",1991,"5 Porters Cove Rd Asheville NC 28805","www.campcedarcliff.org",35.578466937084,-82.463443324142
"19",19,21,"CAMP Cheerio Adventure Camp","1430 Camp Cheerio Rd","Other","Glade Valley","NC",28627,9354,"Michaux","Crocker","Director",3363632604,"Camps",721214,624110,NA,NA,NA,"Private","Alleghany",100,6919000,"campcheerio.org",1960,"1430 Camp Cheerio Rd Glade Valley NC 28627","www.campcheerio.org",36.40104910784,-81.016303909857
"20",20,22,"Camp Chestnut Ridge","4300 Camp Chestnut Ridge Rd","Religoeus","Efland","NC",27243,9722,"Lena","Connor","Religious Dir",9193042178,"Camps",721214,NA,NA,NA,NA,"Private","Orange",10,1076000,"campchestnutridge.org",1959,"4300 Camp Chestnut Ridge Rd Efland NC 27243","www.campchestnutridge.org",36.038240048611,-79.192874295696
"21",21,23,"Camp Corral","801 N West St","Other","Raleigh","NC",27603,1137,"Sarah","Seaman","Director",9196593350,"Camps",721214,813319,NA,NA,NA,"Private","Wake",10,1261000,"campcorral.org",2011,"801 N West St Raleigh NC 27603","www.campcorral.org",35.790375268178,-78.644700022164
"22",22,25,"Camp Dixie","373 Bladen Union Church Rd","Religoeus","Fayetteville","NC",28306,9415,"Gaye","Smith","Owner",9108655180,"Camps",721214,531311,712190,813319,813110,"Private","Bladen",11,1662000,"campdixie.com",1967,"373 Bladen Union Church Rd Fayetteville NC 28306","www.campdixie.com",34.81474546485,-78.839691748654
"23",23,26,"Camp Duncan","676 Hight Rd","Girls","Aberdeen","NC",28315,8951,"Paul","Daley","Director",9109443077,"Camps",721214,NA,NA,NA,NA,"Private","Moore",20,2052000,"campduncannc.org",2010,"676 Hight Rd Aberdeen NC 28315","www.campduncannc.org",35.107152549164,-79.410153633533
"24",24,27,"Camp Flintlock","1580 King Mill Rd","Other","Four Oaks","NC",27524,9048,"Timothy R","Langdon","President",9199381776,"Camps",721214,NA,NA,NA,NA,"Private","Johnston",3,307000,"campflintlock.com",1999,"1580 King Mill Rd Four Oaks NC 27524","www.campflintlock.com",35.482333043422,-78.489762706787
"25",25,28,"Camp Frontier","5258 Bass Mountain Rd","Other","Snow Camp","NC",27349,9669,"Andrew","Sharpe","Exec Director",3363769793,"Camps",721214,NA,NA,NA,NA,"Private","Alamance",30,2771000,NA,2008,"5258 Bass Mountain Rd Snow Camp NC 27349","",35.952817627573,-79.41750885474
"26",26,29,"Camp Ginger Cascades","1963 Cascade Ln","Girls","Lenoir","NC",28645,7544,"Cyndie","Tewinkle","Director",8287573204,"Camps",721214,NA,NA,NA,NA,"Private","Caldwell",5,452000,"cvgirlscouts.org",2008,"1963 Cascade Ln Lenoir NC 28645","www.cvgirlscouts.org",35.799774927439,-81.417872206683
"27",27,30,"Camp Glen Arden For Girls","1261 Cabin Creek Rd","Girls","Zirconia","NC",28790,468,"Carol","Thurman","Exec Director",8286928362,"Camps",721214,NA,NA,NA,NA,"Private","Henderson",60,16896000,"campglenarden.com",1991,"1261 Cabin Creek Rd Zirconia NC 28790","www.campglenarden.com",35.214680871005,-82.4780046208
"28",28,31,"Camp Green Cove","617 Green Cove Rd","Girls","Zirconia","NC",28790,4702,"Nancy","Bell","President",8286926355,"Camps",721214,721211,611620,NA,NA,"Private","Henderson",75,21120000,"greencove.com",1922,"617 Green Cove Rd Zirconia NC 28790","www.greencove.com",35.212884794884,-82.429471034447
"29",29,32,"Camp Greystone","21 Camp Greystone Ln","Religoeus","Zirconia","NC",28790,4725,"James F","Miller IV","Owner",8286933182,"Camps",721214,624190,813410,NA,NA,"Private","Henderson",250,70398000,"campgreystone.com",1920,"21 Camp Greystone Ln Zirconia NC 28790","www.campgreystone.com",35.221063107717,-82.435678110434
"30",30,33,"Camp Greystone Kitchen","98 Apple Hill Ln","Religoeus","Zirconia","NC",28790,NA,NA,NA,NA,8286937771,"Camps",721214,NA,NA,NA,NA,"Private","Henderson",28,7885000,"campgreystone.com",2011,"98 Apple Hill Ln Zirconia NC 28790","www.campgreystone.com",35.220479461461,-82.431377578203
"31",31,34,"Camp Guilrock","531 Beville Rd","Religoeus","Reidsville","NC",27320,9125,"Jason","Boggs","Director",3363421951,"Camps",721214,NA,NA,NA,NA,"Private","Rockingham",1,87000,"campguilrock.org",1984,"531 Beville Rd Reidsville NC 27320","www.campguilrock.org",36.264737690208,-79.707904144917
"32",32,35,"Camp Henry","25 Wormy Chestnut Ln","Religoeus","Canton","NC",28716,6075,"Rebecca","Knecht","Other",8284759264,"Camps",721214,NA,NA,NA,NA,"Private","Haywood",6,918000,"lakelogan.org",2015,"25 Wormy Chestnut Ln Canton NC 28716","www.lakelogan.org",35.408164797964,-82.927847410513
"33",33,36,"Camp High Five","1103 N Elm St # 300","Other","Greensboro","NC",27401,6312,"Ashley S","Collier","Owner",3360001111,"Camps",721214,813319,NA,NA,NA,"Private","Guilford",2,246000,"camphighfive.org",2015,"1103 N Elm St # 300 Greensboro NC 27401","www.camphighfive.org",36.08814184261,-79.789097396225
"34",34,37,"Camp High Rocks","1234 High Rocks Rd","Boys","Brevard","NC",28712,5120,"Don","Gentle","Director",8288852153,"Camps",721214,NA,NA,NA,NA,"Private","Transylvania",5,804000,"highrocks.com",1958,"1234 High Rocks Rd Brevard NC 28712","www.highrocks.com",35.148723101659,-82.686461594865
"35",35,38,"Camp Highlander","42 Dalton Rd","Religoeus","Horse Shoe","NC",28742,9759,"Karl","Alexander","Owner",8288917721,"Camps",721214,455219,721214,721211,NA,"Private","Henderson",200,56318000,"camphighlander.com",1995,"42 Dalton Rd Horse Shoe NC 28742","www.camphighlander.com",35.372912362382,-82.615808132892
"36",36,39,"Camp Hollymont For Girls","360 Asheville School Rd","Religoeus","Asheville","NC",28806,1569,"Amy","Lewallen","Director",8282522123,"Camps",721214,NA,NA,NA,NA,"Private","Buncombe",8,2932000,"hollymont.com",2012,"360 Asheville School Rd Asheville NC 28806","www.hollymont.com",35.563020269816,-82.620860759274
"37",37,40,"Camp Hollymont-Girls Bus Ofc","475 Lake Eden Rd","Religoeus","Black Mountain","NC",28711,8710,"Amy","Lewallen","Director",8286865343,"Camps",721214,NA,NA,NA,NA,"Private","Buncombe",2,733000,"hollymont.com",1988,"475 Lake Eden Rd Black Mountain NC 28711","www.hollymont.com",35.63641949082,-82.358920431451
"38",38,41,"Camp Hope of Greensboro LLC","4104 Short Farm Rd","Religoeus","Greensboro","NC",27406,9229,"Cheryl","Miles","Owner",3360001111,"Camps",721214,NA,NA,NA,NA,"Private","Guilford",2,246000,NA,2016,"4104 Short Farm Rd Greensboro NC 27406","",36.000606708995,-79.826409932464
"39",39,42,"Camp Illahee","500 Illahee Rd","Girls","Brevard","NC",28712,9154,"J G","Strayhorn","President",8288832181,"Camps",721214,NA,NA,NA,NA,"Private","Transylvania",70,11255000,"campillahee.com",1921,"500 Illahee Rd Brevard NC 28712","www.campillahee.com",35.209793165284,-82.748543263572
"40",40,43,"Camp Judea","48 Camp Judaea Dr","Religoeus","Hendersonville","NC",28792,3297,"Ron","Means","Manager",8286858841,"Camps",721214,NA,NA,NA,NA,"Private","Henderson",35,9856000,"campjudaea.org",1961,"48 Camp Judaea Dr Hendersonville NC 28792","www.campjudaea.org",35.37624643391,-82.382944163824
"41",41,44,"Camp Kahdalea/Chosatonga","2500 Morgan Mill Rd","Religoeus","Brevard","NC",28712,7247,"David","Trufant","Owner",8288846834,"Camps",721214,NA,NA,NA,NA,"Private","Transylvania",100,16079000,"kahdalea.com",1963,"2500 Morgan Mill Rd Brevard NC 28712","www.kahdalea.com",35.177195157063,-82.825591931261
"42",42,45,"Camp Kerr Lake","3111 Flemingtown Rd","Religoeus","Henderson","NC",27537,9809,"Paul","Robinson","Exec Director",2524362255,"Camps",721214,NA,NA,NA,NA,"Private","Vance",2,196000,"shilohfamilyministries.org",2006,"3111 Flemingtown Rd Henderson NC 27537","www.shilohfamilyministries.org",36.43367004557,-78.349496675212
"43",43,47,"Camp Living Water","1510 W Deep Creek Rd","Religoeus","Bryson City","NC",28713,6905,"Joel","Sasser","Exec Director",8284886012,"Camps",721214,813319,813110,NA,NA,"Private","Swain",4,729000,"camplivingwater.com",1947,"1510 W Deep Creek Rd Bryson City NC 28713","www.camplivingwater.com",35.453096090981,-83.442990460964
"44",44,48,"Camp Loy White-Office","258 Hull Rd","Religoeus","Casar","NC",28020,8757,NA,NA,NA,7045383866,"Camps",721214,721214,NA,NA,NA,"Private","Cleveland",4,366000,"tekoafoothills.org",2006,"258 Hull Rd Casar NC 28020","www.tekoafoothills.org",35.502772339968,-81.578226475246
"45",45,49,"Camp Lurecrest","207 Charlotte Dr","Religoeus","Lake Lure","NC",28746,6314,"Jermery","White","Exec Director",7048412701,"Camps",721214,813319,NA,NA,NA,"Private","Rutherford",100,9137000,"camplurecrest.org",2005,"207 Charlotte Dr Lake Lure NC 28746","www.camplurecrest.org",35.421843527832,-82.19059821076
"46",46,50,"Camp Manna Ministries Inc","243 Gibson Way","Religoeus","Mocksville","NC",27028,6780,"Jessica","Branham","Administrator",3362842267,"Camps",721214,813319,813110,NA,NA,"Private","Davie",10,906000,"campmanna.org",2006,"243 Gibson Way Mocksville NC 27028","www.campmanna.org",35.80484941902,-80.532991354512
"47",47,51,"Camp Mary Atkinson","8591 Nc Highway 42 E","Other","Selma","NC",27576,7955,"Don","Perry","Manager",9199750555,"Camps",721214,NA,NA,NA,NA,"Private","Johnston",2,205000,"nccoastalpines.org/en/members/for-girl-scouts/camp-and-outdoors/summer-resident-camp/camp-mary-atkinson.html",2011,"8591 Nc Highway 42 E Selma NC 27576","www.nccoastalpines.org/en/members/for-girl-scouts/camp-and-outdoors/summer-resident-camp/camp-mary-atkinson.html",35.663490544718,-78.270214179928
"48",48,52,"Camp Mccall","1040 Camp Mccall Rd","Religoeus","Bostic","NC",28018,8620,"Ronnie","Walker","Manager",8282450013,"Camps",721214,NA,NA,NA,NA,"Private","Rutherford",3,275000,"campmccall.org",1984,"1040 Camp Mccall Rd Bostic NC 28018","www.campmccall.org",35.557212206459,-81.817385575624
"49",49,53,"Camp Mcdaniel Inc","402 Camp Ferry Rd","Religoeus","Mooresboro","NC",28114,7742,"Robert W","Wolf","Owner",8280001111,"Camps",721214,NA,NA,NA,NA,"Private","Rutherford",2,183000,"facebook.com/campmcdaniel/",2015,"402 Camp Ferry Rd Mooresboro NC 28114","www.facebook.com/campmcdaniel/",35.192635815963,-81.800739418325
"50",50,54,"Camp Mcneill","13165 Nc Highway 53 W","Other","White Oak","NC",28399,8500,"Martin","Clemmer","Other",9103951100,"Camps",721214,NA,NA,NA,NA,"Private","Bladen",5,756000,"capefearcouncilbsa.org",1916,"13165 Nc Highway 53 W White Oak NC 28399","www.capefearcouncilbsa.org",34.788876632821,-78.726101489648
"51",51,56,"Camp Mondamin","413 Mondamin Rd","Boys","Zirconia","NC",28790,449,"Andrew","Bell","Director",8286937446,"Camps",721214,NA,NA,NA,NA,"Private","Henderson",150,42239000,"mondamin.com",1922,"413 Mondamin Rd Zirconia NC 28790","www.mondamin.com",35.223177115309,-82.426484599516
"52",52,57,"Camp Moo Gung Hwa","5408 Duraleigh Rd","Other","Raleigh","NC",27612,7634,NA,NA,NA,9196052743,"Camps",721214,NA,NA,NA,NA,"Private","Wake",4,505000,"koreanculturecamp.net",2015,"5408 Duraleigh Rd Raleigh NC 27612","www.koreanculturecamp.net",35.850624400483,-78.710991281853
"53",53,58,"Camp New Hope","734 Philmore Miller Rd","Other","West Jefferson","NC",28694,8571,"Randy","Brown","Manager",3369828099,"Camps",721214,424350,NA,NA,NA,"Private","Ashe",1,84000,"campnewhopenc.com",2006,"734 Philmore Miller Rd West Jefferson NC 28694","www.campnewhopenc.com",36.354746066078,-81.404054234279
"54",54,59,"Camp New Hope","19421 Liverpool Pkwy","Other","Cornelius","NC",28031,6283,"Randy","Brown","Director",7040001111,"Camps",721214,813311,813319,NA,NA,"Private","Mecklenburg",3,395000,"campnewhopenc.com",2021,"19421 Liverpool Pkwy Cornelius NC 28031","www.campnewhopenc.com",35.478600688034,-80.879966272632
"55",55,60,"Camp Oak Hill & Retreat Ctr","1528 Oak Hill Rd","Religoeus","Oxford","NC",27565,7850,"Taylor","Cashwell","Director",9197822888,"Camps",721214,NA,NA,NA,NA,"Private","Granville",9,803000,"campoakhill.org",1977,"1528 Oak Hill Rd Oxford NC 27565","www.campoakhill.org",36.487267737574,-78.72051774862
"56",56,61,"Camp Oak Hill & Retreat Ctr","3824 Barrett Dr # 107","Religoeus","Raleigh","NC",27609,7220,"Taylor","Cashwell","Director",9197822888,"Camps",721214,813110,NA,NA,NA,"Private","Wake",7,883000,"campoakhill.org",1977,"3824 Barrett Dr # 107 Raleigh NC 27609","www.campoakhill.org",35.82821932252,-78.632742861498
"57",57,62,"Camp Oakwood","8208 Clasara Cir","Other","Raleigh","NC",27613,4161,NA,NA,NA,9198306404,"Camps",721214,NA,NA,NA,NA,"Private","Wake",4,505000,"facebook.com/campoakwoodraleigh/",2017,"8208 Clasara Cir Raleigh NC 27613","www.facebook.com/campoakwoodraleigh/",35.888687494628,-78.73235407451
"58",58,63,"Camp Pinewood","300 Orrs Camp Rd","Other","Hendersonville","NC",28792,2999,"Jack","Levine","Owner",8286926239,"Camps",721214,NA,NA,NA,NA,"Private","Henderson",150,42239000,"camppinewood.net",1984,"300 Orrs Camp Rd Hendersonville NC 28792","www.camppinewood.net",35.335230807515,-82.441227858179
"59",59,64,"Camp Pinnacle","1 Wolfe Lake Dr","Other","Hendersonville","NC",28739,7738,"John","Dockendorf","Owner",8286922677,"Camps",721214,NA,NA,NA,NA,"Private","Henderson",100,28159000,"camppinnacle.com",1928,"1 Wolfe Lake Dr Hendersonville NC 28739","www.camppinnacle.com",35.268841475012,-82.494393222699
"60",60,65,"Camp Greyrock","337 Camp Rainbow Rd","Other","Boone","NC",28607,8325,"Dean","Cheek","Manager",8289634680,"Camps",721214,NA,NA,NA,NA,"Private","Watauga",15,1409000,"campgreyrock.com",2021,"337 Camp Rainbow Rd Boone NC 28607","www.campgreyrock.com",36.15927831607,-81.771163137529
"61",61,66,"Camp Raven Knob","266 Raven Knob Rd","Other","Mt Airy","NC",27030,9082,"Keith","Bobbitt","Director",3363524307,"Camps",721214,NA,NA,NA,NA,"Private","Surry",175,10911000,"ravenknob.com",1955,"266 Raven Knob Rd Mt Airy NC 27030","www.ravenknob.com",36.479072671786,-80.843080887322
"62",62,67,"Camp Ridgecrest For Boys","105 Balsam Rd","Boys","Hendersonville","NC",28792,6201,"Ron","Springs","Director",8286698051,"Camps",721214,NA,NA,NA,NA,"Private","Henderson",7,1972000,"boys.ridgecrestcamps.com",1929,"105 Balsam Rd Hendersonville NC 28792","www.boys.ridgecrestcamps.com",35.295684236402,-82.44993962981
"63",63,68,"Camp Riverlea For Children","8302 S Lowell Rd","Other","Bahama","NC",27503,8732,"Annie","Giarla","Board Member",9194778739,"Camps",721214,NA,NA,NA,NA,"Private","Durham",26,3060000,"campriverlea.com",1971,"8302 S Lowell Rd Bahama NC 27503","www.campriverlea.com",36.149861672505,-78.946243832083
"64",64,69,"Camp Rock","7224 Park Road","Other","Charlotte","NC",28210,NA,NA,NA,NA,7047168700,"Camps",NA,NA,NA,NA,NA,NA,NA,NA,NA,"foresthill.org/camprock/",NA,"7224 Park Road Charlotte NC 28210","www.foresthill.org/camprock/",35.134987441168,-80.853425618626
"65",65,70,"Camp Rockbrook","152 Parkview Dr","Girls","Brevard","NC",28712,4579,"Jeff","Carter","President",8288844545,"Camps",721214,NA,NA,NA,NA,"Private","Transylvania",27,4342000,"rockbrookcamp.com",2015,"152 Parkview Dr Brevard NC 28712","www.rockbrookcamp.com",35.228933348123,-82.724839058666
"66",66,71,"Camp Rockfish","226 Camp Rockfish Rd","Religoeus","Parkton","NC",28371,8795,"Jim","Martin","Director",9104253529,"Camps",721214,624410,813110,NA,NA,"Private","Robeson",11,1683000,"camprockfish.org",1964,"226 Camp Rockfish Rd Parkton NC 28371","www.camprockfish.org",34.950948554454,-79.0514338103
"67",67,72,"Camp Rockmont","375 Lake Eden Rd","Boys","Black Mountain","NC",28711,8709,"R D","Bruce","CEO",8286863885,"Camps",721214,NA,NA,NA,NA,"Private","Buncombe",175,64129000,"rockmont.com",1956,"375 Lake Eden Rd Black Mountain NC 28711","www.rockmont.com",35.630875567989,-82.36131747736
"68",68,74,"Camp Spring Creek","774 Spring Creek Rd","Other","Bakersville","NC",28705,8458,"Susan","Van Der Vorst","Exec Director",8286881000,"Camps",721214,NA,NA,NA,NA,"Private","Mitchell",36,2434000,"campspringcreek.org",2003,"774 Spring Creek Rd Bakersville NC 28705","www.campspringcreek.org",36.040484922209,-82.083889516153
"69",69,75,"Camp Timberlake","707 Dink Cannon Rd","Boys","Marion","NC",28752,7033,NA,NA,NA,8287384287,"Camps",721214,NA,NA,NA,NA,"Private","McDowell",3,769000,"camptimberlake.com",2017,"707 Dink Cannon Rd Marion NC 28752","www.camptimberlake.com",35.592290746998,-82.019822771215
"70",70,76,"Camp Timbrel","1023 Browning Rd","Girls","Greensboro","NC",27410,4752,"Rachel","Brown","Manager",3360001111,"Camps",721214,NA,NA,NA,NA,"Private","Guilford",5,615000,"facebook.com/camptimbrel/",2017,"1023 Browning Rd Greensboro NC 27410","www.facebook.com/camptimbrel/",36.095469270669,-79.844511403428
"71",71,77,"Camp Ton A Wandah HNDRSNVLL","300 W Ton A Wondah Rd","Girls","Hendersonville","NC",28739,3030,NA,NA,NA,8286924251,"Camps",721214,NA,NA,NA,NA,"Private","Henderson",29,8167000,"camptonawandah.com",2015,"300 W Ton A Wondah Rd Hendersonville NC 28739","www.camptonawandah.com",35.261658136983,-82.476230653764
"72",72,78,"Camp Wayfarer","1 Red Bird Song Rd","Other","Flat Rock","NC",28731,NA,"Jim B","Wilson","President",8286969000,"Camps",721214,NA,NA,NA,NA,"Private","Henderson",55,15488000,"campwayfarer.com",1991,"1 Red Bird Song Rd Flat Rock NC 28731","www.campwayfarer.com",35.243668730141,-82.400552247528
"73",73,79,"Camp Willow Springs","102 Camp Willow Springs Dr","Religoeus","Littleton","NC",27850,18,NA,NA,NA,2525860728,"Camps",721214,721211,NA,NA,NA,"Private","Warren",2,164000,"campwillowsprings.org",1999,"102 Camp Willow Springs Dr Littleton NC 27850","www.campwillowsprings.org",36.492389039828,-77.908236853313
"74",74,82,"Camps 4 Kids","110 Marantha Rd","Other","Fairview","NC",28730,9665,"Jonathan","Peck","Director",8286287954,"Camps",721214,NA,NA,NA,NA,"Private","Buncombe",6,2199000,"camp4kids.org",2016,"110 Marantha Rd Fairview NC 28730","www.camp4kids.org",35.542741488903,-82.402432870185
"75",75,83,"Camps Construction Co","520 E Charles St","Other","Matthews","NC",28105,4788,"James E","Camps","President",7043211492,"Construction Companies",236115,236115,236220,NA,NA,"Private","Mecklenburg",3,1517000,"campsconstruction.com",2011,"520 E Charles St Matthews NC 28105","www.campsconstruction.com",35.113336979354,-80.715690014141
"76",76,85,"Carolina Bible Camp & Retreat","1988 Jericho Church Rd","Religoeus","Mocksville","NC",27028,4222,"Don","Rhodes","Manager",3364927802,"Camps",721214,NA,NA,NA,NA,"Private","Davie",2,182000,"carolinabiblecamp.org",1955,"1988 Jericho Church Rd Mocksville NC 27028","www.carolinabiblecamp.org",35.8678077533,-80.603334206673
"77",77,86,"Carolina Soccer Camps","1408 Walker Ave","Sport","Greensboro","NC",27412,5061,"Justin","Maullin","Owner",3368809084,"Sports Instruction",713990,NA,NA,NA,NA,"Private","Guilford",2,115000,"carolinasoccercamps.com",2013,"1408 Walker Ave Greensboro NC 27412","www.carolinasoccercamps.com",36.068457659659,-79.812704221632
"78",78,87,"Clapping Hands Farm","3348 Alston Chapel Rd","Other","Pittsboro","NC",27312,9029,"Louise","Omoto Kessel","Owner",9195425599,"Camps",721214,NA,NA,NA,NA,"Private","Chatham",12,958000,"clappinghandsfarm.com",2007,"3348 Alston Chapel Rd Pittsboro NC 27312","www.clappinghandsfarm.com",35.709239703487,-79.248921967826
"79",79,89,"Dice Summer Camp Inc","202 Southampton Dr NW","Other","Concord","NC",28027,2201,"Charzette","Brown","Manager",7040001111,"Camps",721214,NA,NA,NA,NA,"Private","Cabarrus",5,524000,"facebook.com/campdiceclt/",2017,"202 Southampton Dr NW Concord NC 28027","www.facebook.com/campdiceclt/",35.430887493644,-80.61300761465
"80",80,90,"Discovery Place","105 Gilead Rd","Other","Huntersville","NC",28078,NA,NA,NA,NA,NA,"Camps",NA,NA,NA,NA,NA,NA,NA,NA,NA,"visit.discoveryplace.org/discoveryplacekidshuntersvillesummercamps/events",NA,"105 Gilead Rd Huntersville NC 28078","www.visit.discoveryplace.org/discoveryplacekidshuntersvillesummercamps/events",35.410731249115,-80.84357363452
"81",81,91,"Don Lee Camp & Retreat Ctr","315 Camp Don Lee Rd","Religoeus","Arapahoe","NC",28510,9688,"John","Farmer","Director",2522491106,"Camps",721214,NA,NA,NA,NA,"Private","Pamlico",60,4761000,"donleecenter.org",1984,"315 Camp Don Lee Rd Arapahoe NC 28510","www.donleecenter.org",34.975858368645,-76.791233282485
"82",82,92,"Duke Soccer Camp","36 Clearwater Dr","Sport","Durham","NC",27707,5365,"Kathy","Rennie","Vice President",9196685734,"Camps",721214,NA,NA,NA,NA,"Private","Durham",2,236000,"dukesoccercamp.com",1991,"36 Clearwater Dr Durham NC 27707","www.dukesoccercamp.com",35.937767724433,-78.96690579992
"83",83,93,"Eagle's Nest Foundation","705 Manly St","Other","Winston Salem","NC",27101,1112,"Noni","Waite","Exec Director",3367611040,"Camps",721214,541720,NA,NA,NA,"Private","Forsyth",3,359000,"enf.org",2021,"705 Manly St Winston Salem NC 27101","www.enf.org",36.101609526786,-80.257896753432
"84",84,94,"East Coast Sailboats Inc","104 Shores Ave","Sport","Point Harbor","NC",27964,9001,"Hardy","Peters","President",2524893491,"Camps",721214,NA,NA,NA,NA,"Private","Currituck",5,765000,"eastcoastsailboats.com",2016,"104 Shores Ave Point Harbor NC 27964","www.eastcoastsailboats.com",36.09345380096,-75.809274398735
"85",85,95,"Falling Creek Camp","816 Falling Creek Camp Rd","Boys","Zirconia","NC",28790,8100,"Yates","Pharr","Owner",8286923874,"Camps",721214,NA,NA,NA,NA,"Private","Henderson",12,3380000,"fallingcreek.com",1969,"816 Falling Creek Camp Rd Zirconia NC 28790","www.fallingcreek.com",35.182836071891,-82.486224957934
"86",86,96,"Falling Creek Camp","4 Vanderbilt Park Dr","Boys","Asheville","NC",28803,1759,"Shelley","Groh","Administrator",8286920262,"Camps",721214,NA,NA,NA,NA,"Private","Buncombe",6,2199000,"fallingcreek.com",2018,"4 Vanderbilt Park Dr Asheville NC 28803","www.fallingcreek.com",35.556751493478,-82.541461501993
"87",87,98,"Future Basketball Stars","5400 Old Lake Jeanette Rd","Sport","Greensboro","NC",27455,NA,"Brian","Judski","Director",7165177193,"Camps",721214,NA,NA,NA,NA,"Private","Guilford",5,615000,"futurebasketballstarsinc.com",2019,"5400 Old Lake Jeanette Rd Greensboro NC 27455","www.futurebasketballstarsinc.com",36.143396844131,-79.793357761569
"88",88,99,"Future Basketball Stars","5401 Lawndale Dr","Sport","Greensboro","NC",27455,NA,"Brian","Judski","Director",7165177193,"Camps",721214,NA,NA,NA,NA,"Private","Guilford",5,615000,"futurebasketballstarsinc.com",2019,"5401 Lawndale Dr Greensboro NC 27455","www.futurebasketballstarsinc.com",36.152340310936,-79.835896453947
"89",89,100,"Future Basketball Stars","201 S Chapman St","Sport","Greensboro","NC",27455,NA,"Brian","Judski","Director",7165177193,"Camps",721214,NA,NA,NA,NA,"Private","Guilford",5,615000,"futurebasketballstarsinc.com",2019,"201 S Chapman St Greensboro NC 27455","www.futurebasketballstarsinc.com",36.073185248044,-79.822443733543
"90",90,101,"Future Basketball Stars","2200 N Elm St","Sport","Greensboro","NC",27455,NA,"Brian","Judski","Director",7165177193,"Camps",721214,NA,NA,NA,NA,"Private","Guilford",5,615000,"futurebasketballstarsinc.com",2019,"2200 N Elm St Greensboro NC 27455","www.futurebasketballstarsinc.com",36.102783048297,-79.787857557537
"91",91,103,"Good Times Day Camp LLC","3717 W Vernon Ave","Other","Kinston","NC",28504,3201,"Ray R","Odom","Owner",2520001111,"Camps",721214,NA,NA,NA,NA,"Private","Lenoir",2,306000,"goodtimesdaycamp.org",2015,"3717 W Vernon Ave Kinston NC 28504","www.goodtimesdaycamp.org",35.264177175568,-77.639473389174
"92",92,105,"Harvest Time Bible Camp","744 Missionary Plantation Rd","Religoeus","Ellenboro","NC",28040,6748,"Stephen","Brackeen","Director",8282456681,"Camps",721214,NA,NA,NA,NA,"Private","Rutherford",5,457000,"harvesttimebiblecamp.org",1999,"744 Missionary Plantation Rd Ellenboro NC 28040","www.harvesttimebiblecamp.org",35.459160341948,-81.73809004602
"93",93,106,"Holston Presbytery Camp-Rtrt","6993 Hickory Nut Gap Rd","Religoeus","Banner Elk","NC",28604,5800,"Jim","Austin","Director",8444657866,"Camps",721214,813319,813110,NA,NA,"Private","Avery",4,302000,"holstoncenter.org",1955,"6993 Hickory Nut Gap Rd Banner Elk NC 28604","www.holstoncenter.org",36.139517505292,-81.890587886312
"94",94,107,"Huntersville Family Fitness and Aquatics","11725 Verhoeff Dr","Sport","Huntersville","NC",28078,NA,NA,NA,NA,NA,NA,NA,NA,NA,NA,NA,NA,NA,NA,NA,"hffa.com/summer-camps-2/",NA,"11725 Verhoeff Dr Huntersville NC 28078","www.hffa.com/summer-camps-2/",35.391048208221,-80.845494612233
"95",95,108,"John's River Valley Camp","6211 US Highway 90","Religoeus","Collettsville","NC",28611,9055,NA,NA,NA,8287547067,"Camps",721214,NA,NA,NA,NA,"Private","Caldwell",5,271000,"jrvc.org",1936,"6211 US Highway 90 Collettsville NC 28611","www.jrvc.org",36.010733774276,-81.690419325765
"96",96,109,"Kanuga Conferences","130 Kanuga Chapel Dr","Religoeus","Hendersonville","NC",28739,9520,"Michael","Sullivan","President",8286929136,"Camps",721214,519290,813319,813110,NA,"Private","Henderson",175,49279000,"kanuga.org",1928,"130 Kanuga Chapel Dr Hendersonville NC 28739","www.kanuga.org",35.264104388577,-82.516924133549
"97",97,110,"Keystone Camp","101 Keystone Camp Rd","Girls","Brevard","NC",28712,8648,"Megan","Sotirakopulos","Director",8288849125,"Camps",721214,NA,NA,NA,NA,"Private","Transylvania",8,1287000,"keystonecamp.com",1916,"101 Keystone Camp Rd Brevard NC 28712","www.keystonecamp.com",35.227964170941,-82.750778183855
"98",98,112,"Merriwood Christian","9640 Center Grove Church Rd","Religoeus","Clemmons","NC",27012,9165,"Terry","Covington","Religious Dir",3367665151,"Camps",721214,813110,NA,NA,NA,"Private","Forsyth",6,718000,NA,1958,"9640 Center Grove Church Rd Clemmons NC 27012","",36.034004032767,-80.435515736957
"99",99,114,"Millstone 4 H Camp","1296 Mallard Dr","Other","Ellerbe","NC",28338,9041,"Erehn","Frye","Director",9106525905,"Camps",721214,813910,NA,NA,NA,"Private","Richmond",22,3366000,"millstone4hcamp.com",1929,"1296 Mallard Dr Ellerbe NC 28338","www.millstone4hcamp.com",35.059357403429,-79.68492718254
"100",100,115,"Monroe Camp & Retreat Ctr","24501 Camp Monroe Rd","Religoeus","Laurel Hill","NC",28351,NA,"Phillip","Shepherd","Facilities",9102761654,"Camps",721214,NA,NA,NA,NA,"Private","Scotland",5,454000,"monroecamp.org",1954,"24501 Camp Monroe Rd Laurel Hill NC 28351","www.monroecamp.org",34.887719603648,-79.485804035262
"101",101,117,"Mountain Top Youth Camp Inc","1460 Mackay Ln","Religoeus","Pinnacle","NC",27043,8504,"Andy","Hilton","Manager",3363513485,"Camps",721214,624110,NA,NA,NA,"Private","Stokes",20,3060000,"mountaintopyouthcamp.org",1964,"1460 Mackay Ln Pinnacle NC 27043","www.mountaintopyouthcamp.org",36.379348108782,-80.378012640799
"102",102,118,"Mt Shepherd Retreat Ctr","1045 Mount Shepherd Road Ext","Religoeus","Asheboro","NC",27205,2844,"Josh","Britton","Exec Director",3366294085,"Camps",721214,813319,813110,999990,NA,"Private","Randolph",2,150000,"mtshepherd.org",2021,"1045 Mount Shepherd Road Ext Asheboro NC 27205","www.mtshepherd.org",35.755828935714,-79.961715353349
"103",103,119,"Mt Zion Baptist Church","950 File St","Religoeus","Winston Salem","NC",27101,3253,"Howard","Shaw","Religious Dir",3367222325,"Camps",721214,611691,813110,999990,NA,"Private","Forsyth",30,3588000,"mtzionthejoy.org",1889,"950 File St Winston Salem NC 27101","www.mtzionthejoy.org",36.106180924813,-80.227859108203
"104",104,120,"NC United Mthdst Camp-Retreat","226 Camp Rockfish Rd","Religoeus","Parkton","NC",28371,8795,NA,NA,NA,9100001111,"Camps",721214,NA,NA,NA,NA,"Private","Robeson",3,918000,"donleecenter.org",2017,"226 Camp Rockfish Rd Parkton NC 28371","www.donleecenter.org",34.950948554454,-79.0514338103
"105",105,121,"NC United Mthdst Camp-Retreat","700 Waterfield Ridge Pl","Religoeus","Garner","NC",27529,3365,NA,NA,NA,9190001111,"Camps",721214,NA,NA,NA,NA,"Private","Wake",3,379000,"ncumcamps.org",2021,"700 Waterfield Ridge Pl Garner NC 27529","www.ncumcamps.org",35.688539516717,-78.562085267331
"106",106,122,"New Hope Camp & Conference Ctr","4805 Nc Highway 86","Religoeus","Chapel Hill","NC",27514,9567,"Maxecine","Mitchell","Operations",9199424716,"Camps",721214,813319,813110,NA,NA,"Private","Orange",8,861000,"newhopeccc.org",2015,"4805 Nc Highway 86 Chapel Hill NC 27514","www.newhopeccc.org",36.011586798247,-79.070054533606
"107",107,123,"New Life Camp","9927 Falls of Neuse Rd","Other","Raleigh","NC",27614,9770,"Greg","Burton","Exec Director",9198470764,"Camps",721214,813110,NA,NA,NA,"Private","Wake",11,1387000,"newlifecamp.com",1950,"9927 Falls of Neuse Rd Raleigh NC 27614","www.newlifecamp.com",35.909398657136,-78.599628955541
"108",108,124,"North Carolina Outward Bound","2582 Riceville Rd","Other","Asheville","NC",28805,9793,"Whitney","Montgomery","CEO",8282993366,"Camps",721214,611620,813319,999990,NA,"Private","Buncombe",6,2199000,"ncobs.org",2021,"2582 Riceville Rd Asheville NC 28805","www.ncobs.org",35.617143381161,-82.454164796893
"109",109,125,"Off the Wall Sports","203 Antilles Ct","Sport","Wilmington","NC",28405,4775,"Janine","Blaisdell","Owner",9103921080,"Camps",721214,711310,NA,NA,NA,"Private","New Hanover",9,2694000,"playoffthewall.com",2012,"203 Antilles Ct Wilmington NC 28405","www.playoffthewall.com",34.262742028535,-77.836252314883
"110",110,126,"Overcomers Kids Camp","2933 S Miami Blvd","Religoeus","Durham","NC",27703,8025,NA,NA,NA,9194229622,"Camps",721214,NA,NA,NA,NA,"Private","Durham",3,353000,"facebook.com/overcomerkids/?locale=de_de&_rdr",2019,"2933 S Miami Blvd Durham NC 27703","www.facebook.com/overcomerkids/?locale=de_de&_rdr",35.927184448013,-78.84513399974
"111",111,127,"Quaker Lake Camp","1503 Nc Highway 62 E","Other","Climax","NC",27233,8209,"Heather","Varner","Exec Director",3366742321,"Camps",721214,813319,NA,NA,NA,"Private","Guilford",5,615000,"quakerlakecamp.org",2004,"1503 Nc Highway 62 E Climax NC 27233","www.quakerlakecamp.org",35.913302034336,-79.695669909149
"112",112,129,"Roanoke Christian Svc Camp","389 Christian Service Camp Rd","Religoeus","Washington","NC",27889,7458,"Chris","Avery","Manager",2529465329,"Camps",721214,721214,NA,NA,NA,"Private","Beaufort",5,398000,"roanokechristiancamp.com",1945,"389 Christian Service Camp Rd Washington NC 27889","www.roanokechristiancamp.com",35.516155497855,-77.00914958042
"113",113,130,"Rock It Learning","10320 Durant Rd # 107","Other","Raleigh","NC",27614,6466,"Chris","Morris","Owner",9198477625,"Camps",721214,NA,NA,NA,NA,"Private","Wake",2,253000,"clubscientific.com",2008,"10320 Durant Rd # 107 Raleigh NC 27614","www.clubscientific.com",35.904063288234,-78.585964860656
"114",114,132,"Science Fun For Everyone","1939 High House Rd","Other","Cary","NC",27519,8452,NA,NA,NA,9194605800,"Camps",721214,NA,NA,NA,NA,"Private","Wake",3,379000,"sciencefun.org",2018,"1939 High House Rd Cary NC 27519","www.sciencefun.org",35.790465451781,-78.849172275323
"115",115,133,"Sea Turtle Camp","530 Causeway Dr","Other","Wrightsville Bch","NC",28480,1959,"Rick","Civelli","Owner",9106864611,"Camps",721214,NA,NA,NA,NA,"Private","New Hanover",3,898000,"seaturtlecamp.com",2018,"530 Causeway Dr Wrightsville Bch NC 28480","www.seaturtlecamp.com",34.210579281527,-77.800171524716
"116",116,134,"South Mountain Baptist Camp","3558 Baptist Camp Rd","Religoeus","Connelly Springs","NC",28612,8259,"Al","Tinnin","Exec Director",8284378788,"Camps",721214,813319,813110,NA,NA,"Private","Burke",30,5082000,"southmountainbaptistcamp.com",1957,"3558 Baptist Camp Rd Connelly Springs NC 28612","www.southmountainbaptistcamp.com",35.609154478983,-81.598092299425
"117",117,135,"South Mountain Christian Camp","1129 S Mountain Rd","Religoeus","Bostic","NC",28018,8599,"Steve","Collins","Exec Director",8282453322,"Camps",721214,813319,999990,NA,NA,"Private","Rutherford",4,366000,"southmountainchristiancamp.org",1973,"1129 S Mountain Rd Bostic NC 28018","www.southmountainchristiancamp.org",35.404086117039,-81.788682328343
"118",118,136,"Spanish For Fun","222 Capcom Ave","Other","Wake Forest","NC",27587,6509,"Lucelia","Rodriguez","Director",9198832061,"Camps",721214,611630,624410,NA,NA,"Private","Wake",11,1387000,"spanishforfun.com",2012,"222 Capcom Ave Wake Forest NC 27587","www.spanishforfun.com",35.949369139377,-78.527724081406
"119",119,137,"Talisman Summer Camps","64 Gap Creek Rd","Other","Zirconia","NC",28790,8791,"Linda","Tatsapaugh","Owner",8286976313,"Camps",721214,NA,NA,NA,NA,"Private","Henderson",65,18304000,"talismancamps.com",1980,"64 Gap Creek Rd Zirconia NC 28790","www.talismancamps.com",35.182857440567,-82.430395000858
"120",120,138,"Trinity Center","618 Salter Path Rd","Religoeus","Pine Knoll Shrs","NC",28512,6004,"John","Koch","Exec Director",2522475600,"Camps",721214,519290,813312,NA,NA,"Private","Carteret",51,11242000,"trinitycenter.wordpress.com",2013,"618 Salter Path Rd Pine Knoll Shrs NC 28512","www.trinitycenter.wordpress.com",34.690566687828,-76.862624980467
"121",121,139,"Truett Conference Ctr & Camp","177 Truett Ln","Religoeus","Hayesville","NC",28904,5827,NA,NA,NA,8283898828,"Camps",721214,NA,NA,NA,NA,"Private","Clay",2,176000,"truettcamp.org",1984,"177 Truett Ln Hayesville NC 28904","www.truettcamp.org",35.038046603149,-83.845089344819
"122",122,141,"United Methodist Camp Tekoa","211 Thomas Rd","Religoeus","Hendersonville","NC",28739,7387,"William","Doyle","Director",8286926516,"Camps",721214,NA,NA,NA,NA,"Private","Henderson",100,28159000,"camptekoa.org",1949,"211 Thomas Rd Hendersonville NC 28739","www.camptekoa.org",35.262690881247,-82.505549632851
"123",123,142,"Vineyard Camp","1945 Vineyard Rd","Other","Westfield","NC",27053,7262,"Dean","Barley","CEO",3363512070,"Camps",721214,722410,813319,NA,NA,"Private","Stokes",5,765000,"vineyardcamp.com",1983,"1945 Vineyard Rd Westfield NC 27053","www.vineyardcamp.com",36.462087320777,-80.355949187625
"124",124,143,"Whisper Mountain Ministries","2240 Long Creek Rd","Religoeus","Robbinsville","NC",28771,8122,"Marty","Paul","Director",8284792993,"Camps",721214,NA,NA,NA,NA,"Private","Graham",5,413000,"whispermountain.org",2003,"2240 Long Creek Rd Robbinsville NC 28771","www.whispermountain.org",35.282309710844,-83.819738205144
"125",125,144,"Wilds","1000 Wilds Ridge Rd","Religoeus","Brevard","NC",28712,7273,"Ken","Collier","President",8288847811,"Camps",721214,NA,NA,NA,NA,"Private","Transylvania",350,56275000,"wilds.org",1969,"1000 Wilds Ridge Rd Brevard NC 28712","www.wilds.org",35.088738047573,-82.866129249795
"126",126,146,"YMCA Camp Hanes","1225 Camp Hanes Rd","YMCA","King","NC",27021,7545,"Val","Elliott","Exec Director",3369833131,"Camps",721214,624110,624190,813410,NA,"Private","Stokes",20,3060000,"camphanes.org",1927,"1225 Camp Hanes Rd King NC 27021","www.camphanes.org",36.364315950136,-80.360762699179
"127",127,147,"YMCA Camp Kanata","13524 Camp Kanata Rd","YMCA","Wake Forest","NC",27587,8078,"Richard","Hamilton","Exec Officer",9195562661,"Camps",721214,721211,624110,NA,NA,"Private","Wake",80,10083000,"campkanata.org",1954,"13524 Camp Kanata Rd Wake Forest NC 27587","www.campkanata.org",36.005447560156,-78.56710720668
"128",128,148,"YMCA Camp Kirkwood","2015 Camp Kirkwood Rd","YMCA","Watha","NC",28478,4465,NA,NA,NA,9107269789,"Camps",721214,624110,NA,NA,NA,"Private","Pender",2,243000,"ymcasenc.org",2021,"2015 Camp Kirkwood Rd Watha NC 28478","www.ymcasenc.org",34.633907379434,-77.927883813452
"129",129,149,"YMCA Camp Seafarer","2744 Seafarer Rd","YMCA","Arapahoe","NC",28510,9595,"Mary L","Crook","Exec Director",2522491212,"Camps",721214,624110,NA,NA,NA,"Private","Pamlico",350,27772000,"seagull-seafarer.org",2009,"2744 Seafarer Rd Arapahoe NC 28510","www.seagull-seafarer.org",35.002823984385,-76.857814350569
"130",130,150,"YMCA Camp Watia","5030 Camp Watia Rd","YMCA","Bryson City","NC",28713,NA,NA,NA,NA,8282099600,"Camps",721214,624110,NA,NA,NA,"Private","Swain",5,911000,"ymcacampwatia.org",2022,"5030 Camp Watia Rd Bryson City NC 28713","www.ymcacampwatia.org",35.348382412046,-83.600354823815
"131",131,151,"YMCA Camp Weaver","4924 Tapawingo Trl","YMCA","Greensboro","NC",27406,9072,"Gareth","Clews","Exec Director",3366970525,"Camps",721214,624110,813110,NA,NA,"Private","Guilford",35,4300000,"campweaver.org",2017,"4924 Tapawingo Trl Greensboro NC 27406","www.campweaver.org",36.026325970269,-79.686692030289
"132",132,152,"Youth Camps For Christ","190 Mangum Ln","Religoeus","Littleton","NC",27850,8147,NA,NA,NA,2525864665,"Youth Organizations & Centers",624110,813319,999990,NA,NA,"Private","Warren",10,225000,"campwillowrun.org",2017,"190 Mangum Ln Littleton NC 27850","www.campwillowrun.org",36.492003855158,-77.91433996944
"133",133,153,"Youth Hoops Basketball Camps","60 Tabardry Mill Prt","Sport","Chapel Hill","NC",27516,8424,"John","Berry","President",9190001111,"Youth Organizations & Centers",624110,NA,NA,NA,NA,"Private","Chatham",7,237000,"youthhoops.com",2016,"60 Tabardry Mill Prt Chapel Hill NC 27516","www.youthhoops.com",35.825725770174,-79.106503202917
"134",134,154,"YMCA Blue Ridge Assembly","84 Blue Ridge Cir","YMCA","Black Mountain","NC",28711,9722,"Melissa","Logan","President",8282328978,"Youth Organizations & Centers",624110,721110,721214,519290,624190,"Private","Buncombe",35,2457000,"blueridgeassembly.org",1982,"84 Blue Ridge Cir Black Mountain NC 28711","www.blueridgeassembly.org",35.604711513991,-82.33926726451
"135",135,155,"ÊYMCA CAMP CHEERIO","1430 Camp Cheerio","YMCA","Glade Valley","NC",28627,NA,NA,NA,NA,NA,NA,NA,NA,NA,NA,NA,NA,NA,NA,NA,"campcheerio.org",NA,"1430 Camp Cheerio Glade Valley NC 28627","www.campcheerio.org",36.40104910784,-81.016303909857
"136",136,156,"YMCA CAMP HARRISON","7901 S NC Hwy 18","YMCA","Boomer","NC",28606,NA,NA,NA,NA,NA,NA,NA,NA,NA,NA,NA,NA,NA,NA,NA,"ymcacharlotte.org/camps/camp-harrison",NA,"7901 S NC Hwy 18 Boomer NC 28606","www.ymcacharlotte.org/camps/camp-harrison",36.041533875636,-81.299226269773
"137",137,158,"YMCA CAMP W. HERMAN WEAVER","4924 Tapawingo Trl","YMCA","Greensboro","NC",27406,NA,NA,NA,NA,NA,NA,NA,NA,NA,NA,NA,NA,NA,NA,NA,"campweaver.org",NA,"4924 Tapawingo Trl Greensboro NC 27406","www.campweaver.org",36.026325970269,-79.686692030289
"138",138,9,"Big League Camp","3645 Yancey Rd","Sport","Marion","NC",28752,6573,"Donald","Suttles","Owner",8280001111,"Camps",721214,NA,NA,NA,NA,"Private","McDowell",2,513000,"bigleaguecamp.com",2016,"3645 Yancey Rd Marion NC 28752","www.bigleaguecamp.com",35.7048239630781,-82.01144446265
"139",139,46,"Camp Linn Haven","1308 Linville Falls Hwy","Religoeus","Linville","NC",28646,NA,"Todd","Hefner","Other",8287338885,"Camps",721214,NA,NA,NA,NA,"Private","Avery",5,377000,"camplinnhaven.org",2017,"1308 Linville Falls Hwy Linville NC 28646","www.camplinnhaven.org",36.0529496,-81.8857783942114
"140",140,97,"Future Basketball Stars","Jessup Grove Rd","Sport","Greensboro","NC",27455,NA,"Brian","Judski","Director",7165177193,"Camps",721214,NA,NA,NA,NA,"Private","Guilford",5,615000,"futurebasketballstarsinc.com",2019,"Jessup Grove Rd Greensboro NC 27455","www.futurebasketballstarsinc.com",36.1409886445035,-79.884122434329
"141",141,102,"Future Basketball Stars","2900 Horse Pen Creek Rd","Sport","Greensboro","NC",27455,NA,"Brian","Judski","Director",7165177193,"Camps",721214,NA,NA,NA,NA,"Private","Guilford",5,615000,"futurebasketballstarsinc.com",2019,"2900 Horse Pen Creek Rd Greensboro NC 27455","www.futurebasketballstarsinc.com",36.14622945,-79.86893265
"142",142,111,"Kid's Club House","72 Coats Commercial Dr","Other","Garner","NC",27529,5705,"Mark","Gammon","Owner",9195503262,"Camps",721214,812990,624410,NA,NA,"Private","Johnston",6,613000,"kids-clubhouse.us",2010,"72 Coats Commercial Dr Garner NC 27529","www.kids-clubhouse.us",35.5805205,-78.5473942860469
"143",143,128,"Ridgecrest Summer Camps","290 Yates Ave","Boys","Ridgecrest","NC",28770,NA,"Ron","Springs","Exec Director",8286698051,"Camps",721214,NA,NA,NA,NA,"Private","Buncombe",3,1100000,"boys.ridgecrestcamps.com",1984,"290 Yates Ave Ridgecrest NC 28770","www.boys.ridgecrestcamps.com",35.6183945845786,-82.2779796192459
"144",1,8,"Belk Scout Camp","9408 Belt Rd","Other","Nebo","NC",28761,6802,"Mike","Cook","Manager",7043335471,"Camps",721214,NA,NA,NA,NA,"Private","McDowell",2,513000,"mycampgrimes.org/summercamp",1910,"9408 Belt Rd Nebo NC 28761","www.mycampgrimes.org/summercamp",35.205788,-80.554009
"145",2,24,"Camp Crestridge For Girls","105 Balsam Rd","Girls","Black Mountain","NC",28711,8216,NA,NA,NA,8286692613,"Camps",721214,NA,NA,NA,NA,"Private","Buncombe",3,1466000,"girls.ridgecrestcamps.com",2015,"105 Balsam Rd Black Mountain NC 28711","www.girls.ridgecrestcamps.com",35.205788,-80.554009
"146",3,55,"Camp Merrie-Woode","100 Merrie Woode Rd","Girls","Sapphire","NC",28774,9621,"Denice","Dunn","Exec Director",8287433300,"Camps",721214,NA,NA,NA,NA,"Private","Jackson",8,1530000,"merriewoode.com",1919,"100 Merrie Woode Rd Sapphire NC 28774","www.merriewoode.com",35.131714,-83.046
"147",4,73,"Camp Sea Gull For Boys","218 Sea Gull Lndg","Boys","Arapahoe","NC",28510,9706,"John","Hyde","Director",2522491111,"Camps",721214,NA,NA,NA,NA,"Private","Pamlico",400,31739000,"seagull-seafarer.org",1948,"218 Sea Gull Lndg Arapahoe NC 28510","www.seagull-seafarer.org",34.972682,-76.805591
"148",5,80,"Camp-Whip-Poor-Will","7123 New Town Rd","Other","Waxhaw","NC",28173,NA,"Betty Ruth","Wilkerson","Other",7048439541,"Camps",721214,NA,NA,NA,NA,"Private","Union",5,491000,"ww16.campwpw.com",1982,"7123 New Town Rd Waxhaw NC 28173","www.ww16.campwpw.com",34.985866,-80.738977
"149",6,81,"Camper Cargo","100 Lake Falls Rd","Girls","Hendersonville","NC",28739,NA,"Billy","Haynes","Owner",8286937782,"Camps",721214,NA,NA,NA,NA,"Private","Henderson",18,5069000,"camptonawandah.com",2001,"100 Lake Falls Rd Hendersonville NC 28739","www.camptonawandah.com",34.985866,-80.73897
"150",8,88,"Connestee Cove Inc","301 Gwynn Valley Trl","Other","Brevard","NC",28712,5598,"Grant","Bullard","President",8288852900,"Camps",721214,NA,NA,NA,NA,"Private","Transylvania",150,24118000,"gwynnvalley.com",2015,"301 Gwynn Valley Trl Brevard NC 28712","www.gwynnvalley.com",35.170145,-82.740212
"151",9,104,"Green River Preserve","301 Green River Rd","Other","Cedar Mountain","NC",28718,9053,"Missy","Schenck","Exec Director",8286988828,"Camps",721214,238910,813319,813410,NA,"Private","Transylvania",47,13235000,"greenriverpreserve.org",1988,"301 Green River Rd Cedar Mountain NC 28718","www.greenriverpreserve.org",35.162932,-82.58573
"152",11,116,"Mountain","841 Highway 106","Other","Highlands","NC",28741,NA,NA,NA,NA,8285265838,"Camps",721214,NA,NA,NA,NA,"Private","Macon",2,NA,"themountainrlc.org",2019,"841 Highway 106 Highlands NC 28741","www.themountainrlc.org",35.031281,-83.255956
"153",12,131,"Rockbrook Camp For Girls","368 Castle Rock Drive","Girls","Brevard","NC",28712,NA,"Sarah","Carter","Owner",8288846151,"Camps",721214,NA,NA,NA,NA,"Private","Transylvania",200,32157000,"rockbrookcamp.com",1921,"368 Castle Rock Drive Brevard NC 28712","www.rockbrookcamp.com",35.186577,-82.722816
"154",13,140,"TVR Christian Camp & Retreat","216 Tvr Loop Rd","Religoeus","Plumtree","NC",28664,NA,"Greg","Oakley","Exec Director",8287657860,"Camps",721214,NA,NA,NA,NA,"Private","Avery",10,753000,"tvr.org",2004,"216 Tvr Loop Rd Plumtree NC 28664","www.tvr.org",36.020194,-82.006705
"155",14,145,"Wilds Christian Camp","Old Toxaway Rd","Religoeus","Brevard","NC",28712,NA,"Ken","Collier","President",8288847811,"Camps",721214,NA,NA,NA,NA,"Private","Transylvania",44,7075000,"wilds.org",2012,"Old Toxaway Rd Brevard NC 28712","www.wilds.org",35.085785,-82.870598
"156",15,157,"YMCA CAMP SEAGULL","218 Sea Gull Landing","YMCA","Arapahoe","NC",28510,NA,NA,NA,NA,NA,NA,NA,NA,NA,NA,NA,NA,NA,NA,NA,"seagull-seafarer.org",NA,"218 Sea Gull Landing Arapahoe NC 28510","www.seagull-seafarer.org",34.97461,-76.801022
